{"cameraMode":{"drawMode":0,"name":"Shaded","section":"Shading Mode"},"sceneLighting":true,"audioPlay":false,"sceneViewState":{"showFog":true,"showMaterialUpdate":false,"showSkybox":true,"showFlares":true,"showImageEffects":true,"showParticleSystems":true,"showVisualEffectGraphs":true,"m_FxEnabled":true},"in2DMode":false,"pivot":{"x":2.142507553100586,"y":7.050498962402344,"z":-0.4872255027294159},"rotation":{"x":0.6628892421722412,"y":-0.014813181012868882,"z":0.013166610151529312,"w":0.7485092282295227},"size":1.7320538759231568,"orthographic":false}