{"cameraMode":{"drawMode":0,"name":"Shaded","section":"Shading Mode"},"sceneLighting":true,"audioPlay":false,"sceneViewState":{"showFog":true,"showMaterialUpdate":false,"showSkybox":true,"showFlares":true,"showImageEffects":true,"showParticleSystems":true,"showVisualEffectGraphs":true,"m_FxEnabled":true},"in2DMode":false,"pivot":{"x":6.2992706298828129,"y":1.9683579206466675,"z":-10.339499473571778},"rotation":{"x":0.004140653647482395,"y":0.9954077005386353,"z":-0.08111828565597534,"w":0.05221661180257797},"size":11.879158020019532,"orthographic":false}