{"cameraMode":{"drawMode":0,"name":"Shaded","section":"Shading Mode"},"sceneLighting":true,"audioPlay":false,"sceneViewState":{"showFog":true,"showMaterialUpdate":false,"showSkybox":true,"showFlares":true,"showImageEffects":true,"showParticleSystems":true,"showVisualEffectGraphs":true,"m_FxEnabled":true},"in2DMode":false,"pivot":{"x":37.704280853271487,"y":4.688982963562012,"z":76.78535461425781},"rotation":{"x":0.022884618490934373,"y":0.9770393967628479,"z":-0.1509949266910553,"w":0.14908811450004579},"size":11.879158020019532,"orthographic":false}